{
    "display": {
      "icon": {
        "item": "minecraft:leather_boots"
      },
      "title": {
        "translate": "World Boarder"
      },
      "description": {
        "translate": "World Boarder fix by DrTrog"
      },
      "frame": "task",
      "show_toast": false,
      "announce_to_chat": false,
      "hidden": true
    },
    "parent": "gamerz_riot:root",
    "criteria": {
      "+x_pos_limit_overworld": {
        "trigger": "minecraft:location",
        "conditions": {
          "player": [
            {
              "condition": "minecraft:entity_properties",
              "entity": "this",
              "predicate": {
                "location": {
                  "position": {
                    "x": {
                      "min": 1000
                    }
                  }
                }
              }
            }
          ]
        }
      },
      "-x_pos_limit_overworld": {
        "trigger": "minecraft:location",
        "conditions": {
          "player": [
            {
              "condition": "minecraft:entity_properties",
              "entity": "this",
              "predicate": {
                "location": {
                  "position": {
                    "x": {
                      "max": -1000
                    }
                  }
                }
              }
            }
          ]
        }
      },
      "-z_pos_limit_overworld": {
        "trigger": "minecraft:location",
        "conditions": {
          "player": [
            {
              "condition": "minecraft:entity_properties",
              "entity": "this",
              "predicate": {
                "location": {
                  "position": {
                    "z": {
                      "max": -1000
                    }
                  }
                }
              }
            }
          ]
        }
      },
      "+z_pos_limit_overworld": {
        "trigger": "minecraft:location",
        "conditions": {
          "player": [
            {
              "condition": "minecraft:entity_properties",
              "entity": "this",
              "predicate": {
                "location": {
                  "position": {
                    "z": {
                      "min": 1000
                    }
                  }
                }
              }
            }
          ]
        }
      }
    },
    "requirements": [
      [
        "+x_pos_limit_overworld",
        "-x_pos_limit_overworld",
        "+z_pos_limit_overworld",
        "-z_pos_limit_overworld"
      ]
    ],
    "rewards": {
      "function": "gamerz_riot:world_border"
    }
  }
  